videos/category,videos/comment_count,videos/create_time,videos/id,videos/like_count,videos/share_count,videos/username,videos/video_description,videos/view_count
Comedy,108,1678385939,7208612613729701162,9828,48,sayyyydeeee,we are rainforest cafe girls at heart #rainforestcafe #galveston #galvestontx #fyp #foryou ,15931
Trend,37123,1681273632,7221015241293860102,2530755,200044,ayyeye_theproducer,Laughter is great for the soul #fyp #fypã‚· #viralvideo #viral #funnyvideos #funnyreels s#famiy #familyfun #laugh #happy #classicalmusic #singingchallenge #singing #singingfail #queenmemez #love ,21589140
Trend,261,1683989572,7232680060648443179,38043,944,angliv333,Try not to laugh. ğŸ˜‚ #singingchallenge ,615885
Trend,244,1690768514,7261795427777924394,32139,2,ewbwcb,"Whenever weâ€™re all together, you can most definitely expect me to force everyone into a Tik Tok challenge ğŸ˜‚ #operachallenge ğŸ¶ #fyp #familyfun #tonedeaf ",204
Random,31894,1688177901,7250668800541084971,975784,65617,carbon_.based._lifeform,rainforest cafe ğŸ˜,2788030
Animals,366,1693410577,7273143027361680673,25362,714,mycatjyn,Replying to @RonnieğŸ§¬ğŸˆ say no more #mycatjyn ,44906
Animals,22110,1693259017,7272492026237701419,1100237,41252,noritheiggyy,The smoothest of brains ğŸ˜… #italiangreyhound #iggy #iggys #iggysoftiktok #iggysoftheworld #sighthound #dog #dogs #dogsoftiktok #dogtok #cute #cutedog #silly #sillydog #funny #funnydog #adorable #petsoftiktok #cuteanimals #puppy #puppylove #puppytiktok #puppysoftiktok #dogmomlife #playtime #tippytaps #viral #trending #fyp #fypã‚· #fy #foryoupage #foryou #greyhound #greyhoundsoftiktok #teefs #goofy #goofydog #furbaby #italiangreyhoundpuppy #smoothbrain #noritheiggy ,1852684
Animals,7612,1693182999,7272165545024245034,393445,8801,meganandtherescues,All hail the king ğŸ‘‘ #lordtheodorewillisthethird #lordtheo #smoothbrain #catsoftiktok ,299400
Singing,2855,1693068140,7271672269762530592,35653,20,oeschsdiedritten,Jodeln auf fast 3000 Meter Ã¼ber Meer ğŸ˜ğŸ˜ #live #oeschsdiedritten #music #jodel #yodeling #yodel #schilthorn #ontop #mountain #ğŸ‡¨ğŸ‡­ #melanieoesch ,2987
Comedy,4,1692652830,7269888512764267808,200,3,funtipsj8ef,#funtips8 ,4351
Animals,986,1692635317,7269813292082760993,111864,3669,goldenboyrory,Not sure he does â€¦ #goldenretriever #goldensoftiktok #funnydogsvideo #dogtok #goldenretrieverlife #fyp ,119469
Trend,25,1691723522,7265897165816384811,259,0,jessicahendrixpon,We laughed till we peed ğŸ˜‚ #fyp #singing #singingchallenge #weneededthis #familyvacation ,0
Trend,13,1691371907,7264386992404696363,296,0,alyssa_rchampagne,Warning: donâ€™t do this challenge with your 8-month-pregnant sister #fyp #operachallenge #pregnant #family ,67
Animals,10295,1695755690,7283215159533784366,488884,29180,ringodanyan,Welcome to the kitty's worldğŸ’• ğŸ”ŠAudio:@Merry & Pippin Thank you so much for making this amazing songğŸ˜»ğŸ’• #catsong #catmusic #kitty #cat,881700
Animals,5448,1695570688,7282420601136991534,253735,7596,maverickthegolden,,331405
Trend,806,1695342136,7281438997736475947,114232,15,ustink49,this is my original idea ,20831
Trend,51,1695340699,7281432827374161195,2328,0,wittlekittens69,classy dancers #pledgetok #texastech ,151
Trend,2129,1695331267,7281392313568398638,167845,232,ansley..martinn,ITS HERE #fyp #foryou #earthwindandfire #music ,273185
Trend,2725,1695303627,7281273602907917599,165454,301,thebellairs,happy 21st of sepetember ,45362
Trend,666,1695252827,7281055425745800478,49953,4,daytondito,We love TikTok #pledgetok #fyp,117
Comedy,4429,1695138189,7280563062678113537,162266,11835,89texpatpat,#septembersurge #jobjunt #linkedin #recruiterlife #recruitertok #jobhunting #diversityandinclusion #diversitychallenge ,408696
Trend,220,1695068469,7280263565259410719,18340,2,m0nkeysandbananas,dancin yea#pledgetok ,22
Comedy,35,1694639995,7278423335225003296,494,3,funtipsj8ef,#funtips8 ,2891
Dancing,2064,1694549323,7278033898267823392,88743,588,balletblogx,Kitri Act I Variation | Akane Takada à­¨à­§:â‹…Ëš #ballet#aesthetic#royalballet#royaloperahouse#fyp#foryoupage#fy#foryou ,204670
Trend,1545,1694479623,7277734487268658462,150443,195,notjadenaraiza,#pledgetok #sdfc ,33591
Sketch Comedy,5776,1694476541,7277721287672302890,162104,9,jaedank,More like the deforestation cafe. Knucks. ğŸ¤œğŸ¤› (The rainforest cafe every 20 minutes),850
Trend,7,1694052192,7275898712461757738,149,0,alliemcfarland23,We got the singing jeans in the family ğŸ˜‚ğŸ˜‚ @kami<3 @jay @Cassey Zoe #greenscreenvideo #staircasemexicans ,5
Dancing,40,1693931461,7275380211108039937,2018,29,hninei2151,Again with heels ğŸ™ˆ #HninEi #rtacrew #rahtaentertainment #trending #dancer #coverdance #dance #arianagrande #fantasize #tiktok #beauty ,18797
Animals,155,1693907739,7275278329828150535,1919,454,frouhaha,Who doesnt love a good deep asian squat with eye contact ğŸ˜­ #catsoftiktok #orangecat #smoothbrain ,13225
Animals,13535,1693745825,7274582841378295086,302606,17329,catladytails,My perfect angel doesnâ€™t need any ridges or bumps ğŸ˜Œ #catladytails #catswiththeirtonguesout #blep #tortiecatsoftiktok ,592913
Comedy,4944,1698526190,7295114410094382369,588337,4724,cinimemes,#funnyvideos #meme #relatable (via: jessevwieren),1806437
Comedy,171,1698006448,7292882113014123819,18070,0,iamhaleybeth,,18
Meme,117,1697828797,7292119082529230122,1065,0,sss_sira,,26
Random,551,1697766815,7291852884122144043,6505,0,princessstarseed,Are you feeling depressed? â¤ï¸#princessstarseed #blueangel #messagesfromthestars #encouragementforyou #iloveyou #sparkles #messageforyou #depression ,59
Comedy,14086,1697573906,7291024363799760171,1153315,44604,toekneecorrado,I should have just been Harryâ€¦ ğŸ¤¦ğŸ»â€â™‚ï¸,1633340
Singing,1780,1696877985,7288035382413839646,70459,3576,t.3official,"NOT ME, NOT HERMOINE, YAOU ğŸ§™â€â™‚ï¸ğŸƒâ™Ÿï¸ #harrypotter #onceimakemymove #sorcerersstone #fyp ",71035
Comedy,24941,1696873575,7288016476928216363,1573674,95920,izzyandmarysdad,Pass the Slime Challenge #slime #slimegame #familygamesnight #challenge #fyp #foryou @EliteVoiceTV ,20384110
Comedy,6860,1696713931,7287330797407702303,575614,9473,baileyroberts153,,614448
Sketch Comedy,836,1701313416,7307085405038398766,74268,2298,jamesleonidas2,#Spotifywrapped #Taylorswift #Swifties #ComedySketch ,152957
Comedy,17454,1700957045,7305554824894926123,468640,31873,oliveandrust,Smells amazing too ğŸ˜‹ ,1914401
Meme,87383,1700936076,7305464751671315755,781058,54911,historicalphotos1,#fyp #godisgood #Christmas #real ,759771
Meme,34336,1700708590,7304487709429599531,771182,48554,handcraftedhooker,Bonus points if you make it to bed by midnight ğŸ¥³ #grandmaera #cozy #boardgames ,818161
Meme,11020,1699276532,7298337037931826462,114551,360,handyymany,its constantly one thing after another ğŸ¥² #otschool #gradschool ,11551
Comedy,7489,1699051499,7297370558558211371,2371299,4055,barstoolsports,Bro was the filmer ğŸ¤£ @ndbarstool ,2159373
Sketch Comedy,6870,1699038721,7297315715407793440,1492003,11137,adrianbliss,Drinks in the stomach,2355809
Comedy,1032,1698957670,7296967605263338784,35044,2,hannahmcneill_1,Same again this year @Adam Rea? #sheep ,707
Comedy,58203,1698903214,7296733697607224619,4978538,62679,kardashfanss,The onionğŸ˜‚ #northwest #north #kanyewest #kimkardashian #kardashians #kimkardashianwest #thekardashians #hulu ,8112185
Animals,4727,1703454601,7316281749838023982,915989,3427,julia_adavis,â€œIâ€™m trying to be still as humanly possibleâ€ #coopkitty ,808347
Comedy,1064,1702656101,7312852220582661419,195623,11,jenaeaireland,Better internet Phil #teens #gamer #fortnite #highschool ,334
Education,104483,1702580955,7312529411373419819,1920059,76223,josephpostingstuff,Pretty much #CapCut #historymemes #juliuscaesar #caesar #knife #thequeen #ithinkimightjustputaknifeinit ,2489246
Comedy,1055,1702520779,7312271032906190123,135733,2041,liloceanpaige,Hehehe im joking the students actually did really well!! #uni #university #academictok #college #gradschool #gradstudentsoftiktok ,269977
Comedy,7925,1702324311,7311427137628605738,559680,23624,killa_camila,I blame the @Jonas Brothers ,1035349
Comedy,1926,1702307942,7311356836651732266,211283,37,dannyhig,Replying to @ZoÃ« Ask and you shall re-CVS pharmacy #wordgame #beforeandafter #word #game #jeopardy #crossword #puzzle #crosswordpuzzle #combination #popculture #funny #fyp ,7886
Meme,1483,1706743767,7330408534678457642,84774,3,alexandreashea,Oscar noms?? The tv show you binged this weekend?? Your roommate is pissing you off?? Lets YAP!!!!!,343
Dancing,17409,1706737024,7330379673584651525,778861,18555,trumpetlovers,TROMBONES!!! Kyoto Tachibana SHS BandğŸ’¯ğŸ¤©ğŸ”¥ . . . . . . #trumpetlovers #trumpet #trompeta #trompete #trumpetlife #trumpetplayers #trompetista #trumpetplayer #saxmusiclovers #saxophonelovers #saxlovers #saxmusic #live #saxophone #clarinet #livemusic #trombones #trombone #great ,3379669
Sketch Comedy,8286,1706734831,7330370129278143790,803058,2810,americanhighshorts,ironically all these kids are in jail now #americanhighshorts #jailbreak #iphonehack #tech ,1427872
Comedy,35660,1706648732,7330000273399745835,517766,13266,hankyspankyyyy,menty health walks maybe idk,540133
Sketch Comedy,3,1706717700,7329550366432070958,374,0,josiah.t.b,BEST of @austenwestend #theatre #musicaltheatre #theatrelife #theatrekid #theatrekids #livetheatre #theatrelove,25
Sketch Comedy,400021,1706462017,7329198456096984363,4329121,81439,brandonc0hen,Lawyer? I hardly know her ğŸ’€,2293802
Dancing,718,1706427217,7329049049066196226,4896,261,dancin_minions,Queen of minions dryads #foryoupage #fyp #makemefamous #minions #ballet #makemeviral #gaynormindenpointeshoes #donquixote #minion #makethisgoviral ,10511
Sketch Comedy,483,1706391713,7328896455119310123,43313,768,sydandolivia,finally a daycare for adults with rich parents and zero life skills ğŸ™ğŸ¼ğŸ™ŒğŸ¼ #sketchcomedy #trustfund #nepobaby #satire ,61746
Sketch Comedy,824,1706342350,7328684555743808769,45652,1041,lach_mac,an experienced skier convincing you a run is â€œnot that hardâ€ #skiing #snowsports #snow #xgames #comedy,119107
Sketch Comedy,1595,1706303098,7328515858907565354,206310,1348,americanhighshorts,#americanhighshorts #alphamoms #momlife #pilates #momsoftiktok #sahm #momtok ,230412
Dancing,175926,1706243983,7328262050449394990,3856217,109058,irock5able,Replying to @flanknstein And weâ€™re back ğŸ˜ŒğŸª¼ #fyp #viral #dance #dancechallenge #dancersoftiktok #waving ,7268235
Sketch Comedy,11390,1706130004,7327772369102179626,331864,4840,americanhighshorts,first kid who looks is a goner #americanhighshorts #schoolday #highschoollife #class ,525756
Animals,4652,1705939633,7326954898703125792,245784,12431,simonscat,Kids in the middle of the night...ğŸ˜©,1662603
Education,381,1705793031,7326325091187412255,13410,80,ivorytowercontent,Music theory the musical pt. 2! #musictheory #musician #musicstudent #musicteacher #musiceducation #classicalmusic #songwriting #harmony #melody #orchestra #musicproduction #composer #sheetmusic #chords #Jazz #band ,7179
Comedy,404,1705673097,7325810109223800110,22968,58,jay.and.neo,Replying to @shatirriegipson Our kid knows he left NO CRUMBS & we're so proud of him. Can't wait to see his growth!,16625
Sketch Comedy,109271,1705510791,7325113017463754030,2002966,18852,lindsey2848,#fyp #dontvape #cop ,844518
Trend,26203,1705175509,7323673010790092064,656105,34693,sor.miguel,E siga para mais uma!!! @Brenlhacomedy @Hugo Miguel MidÃ£o @Bicalho @Carlos Silva @Pedro Rosas #sormiguel#paravoce#xyzbc a#parati #fyp ,6304784
Animals,32251,1704996180,7322902813137292550,768251,47362,manu_libreros_hdez,#dÃºo con @TN - Todo Noticias nunca creÃ­ que hacer un dÃºo fuera tan casteoso jajaja #tchaikovsky #Lago #cisne #ballet #pato #Arte #musica #music #art #sinfonico ,1888789
Meme,12953,1711922736,7352651992730193183,382149,19342,glutenfreenomnoms,Who knew something so small could do so much damage ğŸ˜‚ #celiac #celiacdisease #coeliacdisease #coeliac #glutenfree #glutenfreelife #ibd #ibs #autoimmunedisease ,854984
Random,154269,1711850398,7352341373221129515,1618073,47780,wizzie_spudspice,,658073
Sketch Comedy,1614,1711827522,7352243110468062510,102304,2064,brandonandshane,Replying to @RutabagağŸ  PART 2 The New York Times Connections game- now with more birds! #nytconnections #connections #nytgames #fyp #comedyvideo ,128286
Comedy,4442,1711771508,7352002535462505774,221109,2965,connor.clary,"Replying to @Julia Hemer WHAT YOUR EARLY COVID PANDEMIC HOBBY MADE ME THINK ABOUT YOU: dalgona whipped coffee, house plants, roller skating, animal crossing: new horizons",324843
Comedy,9888,1711694348,7351670946459159851,307942,3346,skoodeee,Pt.4 #seattleboulderingproject #climbing #edit #fyp #blowthisup ,322609
Random,18181,1711582612,7351191278081592619,368231,27227,ltmotel,Wake Up Call #motelhell #BrianTheMotelGuy #StevenTheMaid #hospitality ,472317
Comedy,25823,1711571746,7351144574661774635,1087871,12483,br0myg0d,#skateboarding #skateboard #skate #skatepark #gbaso #greenbay #wisconsin #skating #fyp #fypã‚· #fypage #fypã‚·ã‚šviral #fail #fall #bail #beef #funny #bmx #bike #scooter #scoot #lol #extreme #extremesports ,613781
Animals,3480,1711539285,7351005218949238049,147333,13,warwickcastleofficial,"âœ¨This is your sign to come to Warwick Castle, where youâ€™ll have the chance to see Bernieâ€™s epic dance moves in the UKâ€™s largest Bird of Prey Display ğŸ•ºğŸ¦‰ #owltok #warwickcastle #birdofprey ",1350
Comedy,12243,1711519044,7350918067708300587,480304,11178,nannccee_,â€œâ€That was a close oneâ€â€ ğŸ˜… #fail #kidsoftiktok #foryou ,265826
Comedy,30826,1711485225,7350772960304844078,447605,4128,lesmis_2024,they did NOT win âŒğŸ¤ª#lesmis #theater #patriotplayers #cbeast ,225966
Animals,11370,1711484287,7350768971638902059,232195,11309,boonshoftmuseum,He's an unusual owl ğŸ˜‚ #bmd #boonshoftmuseum #burrowingowl #owl #owlsoftiktok #joeburrow ,204669
Comedy,6069,1711470156,7350708324125445408,204207,6935,maddylucydann,#stitch with @Mel Robbins ,199607
Animals,11743,1711408628,7350443993605459243,365590,19989,rayyyy_rayyyy,Orange dude decided this was the best way to clean his tail.#cats #catsoftiktok #foryou #orangecat #cat #orangecatbehavior ,407917
Sketch Comedy,314,1711399707,7350405591434628382,33688,292,morningbrew,Why women are leaving Goldman Sachs #goldmansachs #wallstreet #finance #businessnews @Macy is on TikTok ,38008
Comedy,5612,1711312001,7350028979115429163,74273,97,a.bath,#stitch with @Polar ,930
Comedy,55170,1711310364,7350021963223584046,1305457,102916,cristalenap,"We asked him to read ""Baby Shark"" and he has never heard of it. We were laughing so hard ğŸ˜‚ #babyshark #babysharkdoodoo ",4266748
Animals,3,1711250008,7349762669756419370,186,1,bruno_themutt,Mom is heckinâ€™ embarussin meğŸ«£ #dogsoftiktok #dogs #viralvideo #petsoftiktok #doglover #fyp #photos,338
Trend,1,1711247448,7349751749185391914,17,0,reinajpt,ğŸï¸Fujicolor Superia 800 from fujifilmxweekly #fujifilm #fujifilmphotograph #fujifilmxt5 #fujifilmxt5photography #fujifilmxseries #fujifilmrecipe #rainydayvibes ,84
Animals,1043,1711211854,7349598788538977579,159910,441,sirfurrr,What do you think Sir Fur said about the groomer? #cat #catsoftiktok #meow #fyp ,178691
Animals,326905,1711204723,7349568170904063274,3481226,486564,billyd3152,Worlds smartest breed they saidâ€¦. #dogs #dumbdog #smartdog ,9604714
Sketch Comedy,7099,1713465757,7359279226060541227,356998,7,bostonroadvet,most requested part 2 of nail trims ğŸ¾ we still love them all the same ğŸ«¶ğŸ¼ #vet #vetmed #vetmedlife #vetmedhumor #vettechtok #fyp #vettechlife #vettok #foryou #vettechsoftiktok ,611
Random,462,1713373175,7358881729215597856,39780,6,ellenfromnowon,ğŸŒ he's doing his best though ğŸŒ #carsoftiktok #classiccar #modernclassic #nissan #scargo #fypã‚· #cartok ,435
Animals,77753,1713284869,7358502418256022826,2009122,67282,dognamedstella,Stellas Best Leaf Jumps Part 1 ğŸ‚ğŸ #stellasleafpiles #dontstopbeleafin #keepbeingyou #dognamedstella #dogsofmaine #dogsoftiktok #dogtok ,3288989
Sketch Comedy,2637,1713234197,7358284757509098795,77405,1122,welcometothepeasantparty,Not again. If actively going on #dates you are #dating NOT in a #talkingstage @SeÃ±or College ğŸ« #fyp #foryou #dating #datingtips #datingadvice #datingapp #datingapps ,89952
Animals,295847,1713059664,7357535146410593578,5346552,180000,randawg3000,When the thing that is supposed to make your life easier ends up being much harder than anticipated â˜ ï¸ #fyp #fail #dogsoftiktok ,3436735
Animals,3457,1712884517,7356782913809304878,84657,9466,sebastians_shenanigans,#stitch with @Honey Bun I tried ğŸ’€#chonkycat #fatcat #bigcat #fail #orangecat #cattok #catsoftiktok #cutecat #fypp #foryou #viral #funny #funnycat ,237223
Comedy,7938,1712783425,7356348696285482282,522139,13969,butterworthdasyrup,Iâ€™ll admit we should have been wearing helmets. I prefer a firm close. #humvee #tactical #army #military #militaryvehicle #nationalguard #armynationalguard #tacticalvehicle ,1311708
Education,25379,1712776737,7356319990519270699,353372,209,joshbensontherapper,@Dave Ramsey really out here on Fox News throwing shade #daveramsey #daveramseywouldntapprove #foxnews #daveramseytiktok #daveramseyshow #finance #boomersoftiktok ,50438
Random,64459,1712742907,7356174748952366344,1064257,112790,adamfreediver,If you thought the Crab People weren't coming for you...you were wrong! #philippines #deepweek #philippines ,4666585
Sketch Comedy,3915,1712605437,7355584261501504814,91172,1895,chaoticbekah,#fyp #sugarsugar ,59985
Comedy,1893,1712588310,7355510634924018986,78575,13,carly_riehl,Just a working girl ğŸ¦ğŸ’â€â™€ï¸ #funnyvideo #raccoonsoftiktok #raccoon #newjersey #nj #,316
Education,144452,1712529735,7355259107462384938,3870396,47853,yuvaltheterrible,"@profpippy and yes, it was a nice challenge.",6785438
Comedy,26762,1712453976,7354933754755845418,843822,13567,susankehoe1,Bear steals my vacuum cleaner and when i go to get it I accidentally turn it on. Then wstch the bearâ€™s reaction. Year 2021 #foryou #bear #viral #love #wildlife #steal #thief #vacuum #laugh #animal #spirituality #mountain #biganimals ##country #woods #outdoors #house #USA #forest ,1356002
Animals,14260,1712266082,7354126776072670507,749445,10762,emilyzugay,more logos woof woof,1920873
Sketch Comedy,37168,1712265207,7354122998951071018,506785,22429,herrickdl,"Come to our eclipse viewing party at the North Branch on April 8 from 2-4pm, where you can get your own pair of eclipse glasses! And thanks to @Cromwell Belden Public Library for the video inspiration! #eclipse2024 #librarytok #libraryprograms #librariansoftiktok #eclipseparty ",353032
Comedy,10878,1712247908,7354048737544506657,591101,21364,maddylucydann,#stitch with @Samantha Richard ,1152262
Sketch Comedy,4829,1712239552,7354012467900550431,172149,2145,dadchats,Parenting wario maybe ,121966
Comedy,14410,1712202235,7353852457929280810,733276,18036,alaysiajeniah,IM IN TEARSS #viral #fyp #shooping ,1014383
Dancing,4539,1712201060,7353847513243307281,182750,8501,anikamadelinebuha,Wiggles â€˜24 The absolute best tree dancer there is ğŸŒ³ @The Wiggles #thewiggles #treedancer #wigglewiggle #wigglesfan ,325649
Meme,310387,1712170245,7353715174471208224,2163314,112944,designeroutletashford,donâ€™t need to ask me twice #shoppinghaul #fyp #tryonhaul ,2720391
Sketch Comedy,14878,1704920330,7322576916073024814,597885,5264,americanhighshorts,looks like they didnâ€™t study #americanhighshorts #test #finalexams #midterm #study #students ,574488
Meme,36396,1704838146,7322223983015824682,325352,9098,brynn_ill,worth it #brittanybroski #broskireport #books #booktok #book ,184366
Comedy,7672,1704743901,7321819022452968734,198077,6591,velocijoester,goose #sillygoose ,224760
Animals,2494,1704624670,7321307169545014561,89590,19,tiphainetournier,,1247
Trend,23565,1704560436,7321031141769760042,1571305,4512,keagancsings,Weâ€™re brothersâ€¦ #fyp #foryou ,262470
Sketch Comedy,47736,1704488451,7320722024136150318,2151628,13788,americanhighshorts,#americanhighshorts #alphadads #alphamoms #basketballgame #momlife #boymom #momsoftiktok ,1106688
Animals,1556,1709230982,7341091099311721758,63748,860,twistedwhiskertupelo,Replying to @notorious_hooligan some basic cat body language things to look for to gauge what kind of mood your cat is in when you're playing with them #cats #catbehavior ,42513
Meme,11850,1709226675,7341072480372641067,66421,39,bailshuh,#canyoumakeit24 #redbullcanyoumakeit #indy #iu #italy ,2416
Animals,880582,1709212490,7341011712507677984,7115888,455970,cuteeeanimalsss,little lamb ğŸ¥¹ğŸ‘ | #fyp #parati #animals #cuteanimals #cute #cuteeanimalss #lamb #little ,17899351
Comedy,661,1709175747,7340853821226175787,31535,1,claykimball,lift w ur legs not ur back ,441
Animals,1468902,1709169903,7340828738180893995,8661442,301636,weeklyvirals_,He gets so emotional with the song like he understands it ğŸ˜­â¤ï¸#mylovemineallmine #mitski #viral#fyp#cat#catsoftiktok #kitten#kittensoftiktok #sad#funny#funnycat @Mitski ,12115090
Meme,1599,1709160801,7340789599230479662,92148,8,mbiwinterguard,Gotta love winterguard ğŸ¤©ğŸ™Œ ğŸ¥ inspo: @JMU Guard #MBI #DPG #shutupanddrive #winterguard #colorguard #crashtestdummy #WGI #WGI2024 #MBIwinterguard #yellow #WGIchicago #yeah #NSC #beepbeep #letsride #fypã‚· #fyp #dancing #walking #rearrangingfurniture ,7498
Comedy,4409,1709156812,7340772433810443550,192537,47,ballysports,A Texas tradition! Mutton Bustinâ€™ from the opening night of #rodeohouston #rodeo #fyp #viral #foryoupage #foryou ,8902
Comedy,4674,1709136973,7340687233269140779,391174,7086,gambleamadingdong,uh-oh! #LittleMermaid #UnderTheSea #HighSchoolMusical #HighSchoolTheatre ,570396
Meme,341880,1709122361,7340624590630047009,2611898,203257,infiniteflightofficial,Scary ğŸ«£ğŸ˜§ #infiniteflight #flightsimulator #aviation #lightning #aviationlovers #avgeek #flying #travel #storm #takeoff #planes #dreamliner #boeing #lightningstrike #scary ,3738240
Art,9538,1709078977,7340438251288759598,311405,3419,sydswisher,â€œThe Meaning of Enoughâ€ 24â€ x 36â€ #oilonfabric #midwesternartist #fyp #nostalgiacore #fypã‚· #repainting #midwestern #wallart #oiloncanvas #nostalgia ,270731
Meme,15298,1708995096,7340078016564841736,251535,4996,najmahanaa,ZE MOOOOOOOON ğŸŒğŸ˜ƒ #taylorswift #erastour #tstheerastour #minions #erastouraustralia #cult #performance #fyp #concert #swifttok #sydney #taylorsversion ,183092
Dancing,13185,1708966503,7339955182266109230,193284,574,layla_.mckenzie,#brother #brothermattcorby #mattcorbybrother #cookies #contemporary #contemporarydance #contemporarydancer #groupdance #danceperformance #choreography #orphan #fyp #fypã‚· #viral ,189378
Comedy,34,1708962339,7339937331039767841,1348,0,bestuktelevision,Alison is the Queen of British TV ğŸ˜­#thismorning #alisonhammond #britishtv #funnymoment #gonewrong #hollywilloughby #phillipschofield ,3
Singing,2399,1708922064,7339764266058255659,55050,978,ashleyceverhart,"The mash-up for which the world, and I, were woefully unprepared. Thanks for having me back, @Duty Free Live! #comedy #musicaltheatre #musicals #lesmis #lesmiserables #gameshow #improv #improvcomedy #funny #snl #gay #queer #lesbian #music #nyc #newyork #sketchcomedy #sketch #standup #standupcomedy #reels #tiktok #fyp #parody #theatre #theater #broadway #theatrekid #theaterkid ",16741
Comedy,202,1708917791,7339745900022992171,3126,1,thenewstepford,80â€™s metal was the best. Fight me. But not hard. Iâ€™m old. #genx #80smetal ,32
Meme,48221,1708906862,7339698995897404715,1070107,14664,mzhaylstorm,10/10 capture,476896
Singing,2841,1708886058,7339609563911556394,47211,84,thebeantones,"(FULL VID) A Trout No Doubt Weâ€™re hitting the studio today to officially record our version of this forgotten fishy tune. Itâ€™ll be yours to stream (haha) very soon! While you wait, hereâ€™s the whole vid in one piece. Thanks for digging our tomfoolery! Book us for your event! beantones@gmail.com #vocaljazz #vocals #vocalharmony #vintageharmony #singing #fishing #jazztok #fishtok #fishlife",5847
Comedy,19568,1708838841,7339406908924890369,713548,51518,macymckoyxo,Legs are swinging ğŸ’ª #foryou #boyfriendduties ,1398805
Animals,1512,1708769042,7339107127874555169,48154,13,elena_and_ayla,#hunde#hundebesitzer#hund#ayla#mÃ¼ller#fyp#elena#hundevideos#funny#fypã‚·#hundeauftiktok#weiÃŸerschÃ¤ferhund#schweizerschÃ¤ferhund#onetigris#k9#hundegeschirr#leinen#haha,2509
Comedy,7893,1708640017,7338552968515439905,282189,7453,whatsername1.0,#stitch with @yadi hopefully this works on the ladies tooğŸ˜©ğŸ™ğŸ™,289659
Animals,258,1711200001,7349547827795627306,16434,948,mickeymarisandmeg,not sponsored but if you want it search for enrichment feeders on amazon!! and please send me all the enrichment feeder reccos i am obsessed ğŸ‘ğŸ»ğŸ‘ğŸ» #enrichmentfordogs #enrichmentforpets #dogenrichment #dogsoftiktok #amazonfinds ,31407
Random,1006376,1711132081,7349256268059561217,5357240,422025,reneezwagerman,,9028143
Singing,137985,1711110380,7349163078551899424,2093787,85924,miguelplaysrecorder,#williamtell #rossini #apple #arrow #opera #overture #williamtelloverture #reddelicious #dolmetsch #flautodolce #blockflote #classicalmusic #miguellawrence #flautadulce #recorder #gsmd #diezmilflautas #kingstonuniversity #royalhorses #flautasoprano #crossbow #flecha #freccia #dolmetschdolonite ,5148465
Comedy,910,1711065916,7348972113509813547,54053,1303,henryhenryhenryhenryhenr,Yay!!!,100555
Comedy,22659,1711058961,7348942217689451806,840078,10290,cottoncaindy,he didnt even hesitate when I brought this idea to him ğŸ˜‚ #nightshift #nursesoftiktok ,674831
Animals,5204,1711057080,7348934135047572766,220925,11135,barstoolsports,Get aflac on the drumline ğŸ¤£ @Barstool Outdoors (via:minnesotaduck/ig) ,263380
Sketch Comedy,527,1711045652,7348885059711094058,11941,1,washdnr,"You can tell itâ€™s a tree by the way it is. We caught up with Forester Brian Williams as he was working on a replanting a harvest in Tahuya State Forest. During these replantings, the average worker will plant between 1,100 to 1,500 seedlings PER DAY (PER DAY!?). And when it comes to reforestation, we take it a bit more seriously than â€œthatâ€™s a tree.â€ Our foresters take deliberate steps to plant different species that will mimic the stand that we just harvested. In the following 10-15 years, our foresters will focus on controlling brush and noxious weeds (like scotch broom) in this area so these lil guys have the best chance possible to survive. In fact, every step of our harvest strategy is taken with sustainable forestry management in mind. Following the guidance of world-renowned forest ecologist Jerry Franklin and our Habitat Conservation Plan, we can minimize environmental impacts while still fulfilling our mission of generating revenue for our trust beneficiaries (K-12 schools, universities, and county services - like roads, libraries, fire districts and hospitals). #Washington #reforestation #forestry #replanting #Pnw",166
Comedy,245364,1711042189,7348870181407722798,8783035,174720,kkenziegreene,Replying to @Gabby the way only ONE person danced ğŸ˜­ğŸ˜‚ #collegeprofessor #collegelife #college #collegeinfo #utk #universityoftennessee @eme @Professor Pittman @UTK Social Media ,14133196
Comedy,16397,1711018993,7348770590053944577,1129749,22509,nicolaannec,I had such a giggle at this ğŸ’€ #urns #pottery #fyp #funnyvideos ,1081781
Random,6941,1710995052,7348667636051430698,275575,9355,penelopecrochets,a whopping 71 people on ravelry have made this. I am speechless. And impressed. Lots of feelings. #yarn #crochet #crochettok #crochetersoftiktok #knit ,176666
Animals,27699,1710981163,7348608019388796206,982258,36031,levi.s.b,Tappinâ€™ on time ğŸ˜‚ Goose loves sun bathing with mama ğŸŒ . . . . . #golden #retriever #goldenretriever #goldenhour #goldenretrieverlife #retrieversoftiktok #retrieverpuppy #goldenpup #goldenpuppy ,1088645
Comedy,91495,1710973170,7348573721084349742,1767010,51471,meganator__,shark caught on tape treasure island florida!!!! #sharksighting #fyp ,1396387
Sketch Comedy,23,1710951539,7348480747721739562,685,0,fraziermuseum,Replying to @lesbiancirce ğŸ‰ Not sure why she keeps doing this. #FrazierHistoryMuseum #Tour #genz #intern #Genzhumor #LouisvilleKy #genzintern #historybuff #historylover #museumtok ,18
Animals,10947,1710888198,7348208719735295265,164527,2997,horseracingtvclips,ğŸ Ostrich Racing #horse #horses #horsesoftiktok #horseracing #hirseracingedit #horseriding #horsesontiktok #horsepower #horselover #horseracinglover #horseracinglife #horseracingtiktok #jockey #horsejockey #bornfamous #winner #horsewinner #topjockeys #tophorse #tophorses #explore #explorepage #foryou #foryourpage #fyp ,124368
Random,46,1710880765,7348176819994119467,459,8,dcplateking,Itâ€™s time for round spoons. #fyp #spoon #dcplateking ,185
Comedy,1565,1710870441,7348132530765303083,132722,213,jazminer17,this color is ğŸ˜ğŸ˜ğŸ˜ğŸ˜ If you want a more depth tutorial let me knowğŸ¥° im here to help you look this good! #makeup #makeupclasses #mua #professionalmua #2024makeup #2024makeuptrends #trendingmakeup #2024trendingmakeup #lipstick #newmakeup #overlininglips #biglips #smalllips #overlininglips #overlinedlips #overlinedlipstutorial #makeuptutorial ,98612
Comedy,4219,1710861472,7348094032645573920,87093,16,noorisabiq,#studytips ,640
Sketch Comedy,120304,1710834546,7347978404311960840,3112621,111633,avneesha_delulu,If Bollywood movies were real lifeâ€¦ #sketch @Nick&Carrie ,15292674
Animals,17211,1710889200,7347633281883442464,1016242,23642,beagle.planet.84,The good news is I dont actually hunt #dogdad #dogmom #petparent #dogtok #beagle #camping,988845
Animals,16345,1710704050,7347417824446483754,506951,12449,detroitzoo,"ğŸŒˆ Oh, what luck! ğŸŒˆ The penguins were gifted some ""lucky charms"" to give to their mates during nesting season! ğŸ§ #detroitzoo #detroit #zoo #penguins #matingseason #luckycharms #paintedpebbles #pretty #cute #michigan",763313
Comedy,118894,1712100196,7353414299001310495,2358522,64635,purplepeopleeatergmc,Idk shi probably flat tho #vine @RJ ,2514406
Singing,31900,1712030055,7353113045897350446,505253,17234,elle.cordova,Replying to @the_lonelyest_pickle dare accepted. RX Side Effects Redux! (Deja vu now also makes a recurring appearance per commenter requests) #rx,663173
Comedy,27412,1711999375,7352981264670100782,506622,7886,childrensmuseum,Our dinos are Total Solar Eclipse readyğŸ˜#somedayillgetit #eclipse #solareclipse #eclipseindy #totalsolareclipse #indianapolis #indiana #solareclipse2024 #eclipse2024 #eclipseseason ,1874182
Comedy,13400,1711992501,7352951753567915310,208464,544,themarydeangelis,Never forget ğŸ¥ª #qvc #bologna #fyp #kitchen ##problemsolved ,7114
Sketch Comedy,692,1711984232,7352916229893557550,120039,438,olivialmarcus,My parents have a better social life than I do #family #motherdaughter #parents #couple ,64880
Sketch Comedy,61483,1711983582,7352913443235646762,793019,21176,duolingo,Sing along to âœ¨SPANISH OR VANISHâœ¨ from DUOLINGO ON ICE! The perfect tune to avoid doing your lesson to. Buy tickets at link in bio. #fyp #duolingo #DuolingoOnIce,1587066
Comedy,11405,1711982037,7352906839786278177,323748,32,wrinklyrascals,I dont think nan likes grandads hat ğŸ˜‚ğŸ˜‚ #fyp #grandparents #grandparentsoftiktok ,2784
Sketch Comedy,1240,1711981443,7352904298600074501,71032,4808,wallstreetoasis,This McKinsey-roasting parody deserves an Oscar nod.,280190
Education,3018,1711969796,7352853795547893038,244771,675,doctoktopus,Eat your heart(s) our Kate Gosselin #octopus #marinebiology #shrimpdaddy #saltwateraquarium #fyp #cephalopod #petoctopus #saltwatertank #aquarium #mom #,431511
Education,833,1708535470,7338103842606730538,84582,0,alecsteelee,Why This Cult â€˜$40 Pencilâ€™ Almost Went Extinct - 1,105
Dancing,2642,1708517867,7338028323471133985,5280,0,alessiasimonetti,in love #barcelona #love,50
Animals,3814,1708486331,7337892830313991467,210241,9,torti11atori,"Sorry, my cat said I can't go out tonight :( #fyp #catsoftiktok #grooming #bradmondo ",495
Sketch Comedy,26051,1708468373,7337815746833141034,373274,16,ohhyoubetcha,The midwest language is tricky ğŸ˜…,3580
Comedy,301,1708453736,7337752906247982368,14020,2,plowrong,#fyp #jellycats ,323
Animals,1085031,1708379369,7337433492822723873,14947402,1152836,mauesus,When you fail the start on mario kart #bulldog #dog #ares #viral ,52655685
Animals,16779,1708300777,7337095859726748970,955610,11866,floridaguidejosh,"Discovering the gentle giants of Floridaâ€™s waterways: baby manatees! ğŸŒŠğŸ’™ Did you know these precious creatures, also known as â€˜sea cows,â€™ are born weighing around 60-70 pounds and measuring about 3-4 feet in length? Despite their hefty size at birth, they rely on their motherâ€™s milk for up to 2 years before transitioning to a plant-based diet. These curious and playful babies spend their days exploring the warm coastal waters, seeking shelter in shallow areas and enjoying the company of their protective mothers. Letâ€™s cherish and protect these adorable ambassadors of the sea! DISCLAIMER: Manatees are federally protected animals. Any form of harassment or disturbance to these gentle creatures is strictly prohibited by law. Please DO NOT PET! Letâ€™s ensure their safety and well-being by admiring them from a respectful distance. ğŸ›¶: @Ecoventure Tours #manatee #florida #wildlife #conservation",809027
Sketch Comedy,5421,1708285336,7337029552662727978,227387,1180,brandonc0hen,Bachelor? I hardly know her ğŸ’€,63200
Comedy,16349,1708214368,7336724718667451690,336106,7246,maddie_m_clark,@Noah Kahan comedy show w a side of music tn in paris ,242231
Sketch Comedy,6871,1708198177,7336655115035741470,127702,14,danmancarney,He might be on to something #fyp #foryourpage #single ,958
Comedy,1,1708098346,7336226316993269034,12,0,us18106t0l,#iowa #fyp #husbandcalling #viral #layka ,0
Meme,41872,1708000601,7335806668736974112,1101325,20325,og.emi,hate it when it happensğŸ™„ğŸ™„,1019880
Comedy,16,1707980271,7335719362659192065,310,52,louisetownson825,,5446
Meme,133,1707941293,7335551871991418155,9433,5,itseieio,"I put brickbreaker inside google calendar to have some fun declining all my meetings! chrome extension coming soon, stay tuned. #creativecoding #meetings #officelife #timemanagement #calendar #brickbreaker #breakout #hacks ",841
Education,19548,1707868436,7335238972693712174,681570,19760,thatgoodnewsgirl,"Sea lions are learning how to play video games! You might not see them online while youâ€™re playing just yet, but they are having fun with their maze games. The Navy sea lions have access to the games through the US Navy Marine Mammal Program as part of their enrichment. The sea lions are trained to attach recovery lines to Navy equipment at the ocean floor that is too difficult for humans to get to. Theyâ€™re free to leave the program if theyâ€™d like to, but most choose to stay. The video games might be one reason why! ğŸ“¸ US Navy #sealion #navy #navyseal #gaming #videogames #goodnews ",910664
Comedy,8550,1707830678,7335076878912343328,159924,105,roxy.x51,@KirstğŸ§š we love marcells farm â›·ï¸ğŸ¿ğŸš¡#fyp#skiingtiktok#skiingfail ,7045
Comedy,7595,1707800987,7334949225635106094,122182,21,vhslifesaver,"Weâ€™ve extended the best dog-gone sale of the year!! ğŸš— Certified, Pre-Owned Pets are 50% off! ğŸ·ï¸ Visit our showroom today!! ğŸ¾ğŸ¶ğŸ±ğŸ’¥@Best Friends #preowned #salesalesale ",2186
Meme,764,1707755975,7334756028401061152,23938,109,rspb,Replying to @Yorkshire Peat Partnership â€œmore eaglesâ€ you say? #eagles #eaglesoftiktok #eagle #rspb #birdoftheweek #botw #cormorant #birdmemes #birdlovers #birding ,3500
Animals,102799,1707711669,7334565653854096682,2382193,84697,mapleandmortycorgi,"Sheâ€™s doing her best, ok #dogsoftiktok #petsoftiktok ",4248686
Education,42879,1707700187,7334516325164895531,1580920,16949,nfl,Replying to @softysoftmew the best teacher ğŸ˜‚ #nfl #superbowl #doratheexplorer ,1609690
Comedy,1417,1710616798,7347043177376795937,173873,3079,joshkerr0,Who got the worst item? ğŸ˜‚ Make sure you watch to the end to see them all ğŸ‘€ Youâ€™ve got to do this rule next time you go on a boozey holiday with your mates. ,174880
Meme,8191,1710550062,7346756448103288107,89956,22,alexclart,This feels important. #fyp #buffalo ,616
Meme,10,1710493055,7346511698624269601,194,0,leavingtracks,When you tell bro the views will be amazing #hiking #adventure #explore #camping #wildcamping #lakedistrict #uk,26
Animals,2225,1710463116,7346383083987553582,94906,13,briangulotta,"Colorado Snowstorm March 14, 2024 in Nederland, Colorado st 10am. Clover goes swimming. #dog #snow #dogsinsnow #snowstorm #blizzard #nederland #colorado #denver #winterstorm #bestinshow #weather ",877
Random,13737,1710432007,7346249504800263456,335465,14816,whitaswhit,Trying to figure out whatâ€™s for dinner! #frog #animation #cuteartstyle #animatedfrog #art,504648
Meme,1067,1710388113,7346060881723264299,143211,1926,daisyykent,we almost knocked ourselves out with a spatula ,133730
Animals,5312,1710363197,7345953938010541354,180158,5688,jess_garden_homestead,Twilight the remake #homestead #twilight #turkey ,95031
Comedy,4934,1710313239,7345739405945998610,126128,15076,rainyday.v,,185348
Animals,62457,1710308701,7345719870123740459,539519,18341,erinharamoto,Momma whale teaching her baby how to slap their tail ğŸ‹ ğŸ¥¹ #hawaii ,1231244
Sketch Comedy,7914,1710275595,7345577608186252586,412132,13100,collegelifeshorts,group projects in college are where life long enemies are made @Lonnie IIV #collegelife #highschool #groupproject #assignment ,938308
Trend,597,1710270492,7345555694164151598,109732,293,jennifermika_,Replying to @Bluestofthebutterflies im being attacked,267270
Trend,904,1710194037,7345227307608575275,102589,700,jennifermika_,Shes exposing meâ€¦,161496
Education,25503,1710184527,7345186456954047787,708984,946,theyesterdaysaga,Weird and Interesting Facts About U.S. Presidents: Simplified in Cat Terms. Part 2! #history #theyesterdaysaga #historymeme #cat #catmeme #ushistory #americanhistory #fyp ,221883
Meme,27664,1710179884,7345166642499849505,1632931,57228,emm.stanton,Send help ğŸ™Š #momsoftiktok #momlife #motherhood #fyp #foryou #abcxyz #parentlife #secondchild #pov,1774596
Animals,38256,1710098732,7344818041156275502,425298,23329,callduckofficial,That one duck edit. I hope this reaches the right audience. ,1835979
Comedy,3715,1710057563,7344640925726969119,103104,17,micahriley123,,1986
Random,1530,1710009968,7344436866344619296,85907,741,tompbates,Nigel and Marmalade find a massive wizard hat #animation #nigelandmarmalade #nigelthetinywizard #wizard ,58202
Comedy,7798,1709852524,7343760551085935914,111423,1646,thesnackslut,Just trust me on this,36369
Comedy,141535,1709767120,7343393805854395680,4169421,109984,adhd.al,And the entertainment beginsğŸ˜‚ğŸ˜‚ğŸ˜‚ #fyp #foryoupage #foryou #adhddad ,5765899
Dancing,119,1709758827,7343358090756082990,2495,13,spencerdancerrr,here is the video where i dont fall ,2933
Sketch Comedy,4326,1707672133,7334395836857634090,141965,4273,georgeisnotfunny,Business can be done everywhere!! #nyc #newyork #business #buy #sell ,109336
Meme,116752,1707613395,7334143590098079019,3395542,56463,jezlynbearden,cannot get over the accent ğŸ¤£ #husbandwife #marriagehumor #marriage #couple ,2857328
Meme,83976,1706986697,7331452021570325766,697815,41078,ratenciotherat,ğŸ¥ğŸ¥–ğŸ« #nivoraanimation #comedy #funny #ratencio #painauchocolat ,1090124
Meme,210109,1706983762,7331439283838094638,4431407,258672,samuelgrubbs,Can you call the police on a child?? ğŸ˜­ğŸ˜­ #foryou #fyp #fypã‚· #foryoupage #fy #foryourpage #viral #trending #funny #music #comedy #TIKTOK #weird #baby #food ,7687101
Animals,21651,1706949590,7331292194206256427,861051,26136,michaelboyyd,Baby Robin learns about waves #seal #sealtok ,2026779
Comedy,1017,1706930810,7331211859476876575,101821,1108,momchats,Once of us played like garbage tonight ğŸ—‘ï¸ğŸ—‘ï¸ ,145190
Meme,394309,1706925217,7331187830326250798,5587176,160965,kelseyybaee,i forced him too do this,7806787
Sketch Comedy,63331,1706850011,7330864911725169952,635623,9400,christycoysh,Iâ€™m going to save Britain ğŸ‡¬ğŸ‡§ #british #uk #politics #freddo #freddoingreatbritain #funny #funnyvideos #musicalcomedy #comedy #parody #cadbury Freddo in Great Britain ğŸ¸ ,426446
Meme,298701,1706833303,7330793159993363758,5190000,173145,jacksgothops,I was a little thirsty #ithinkilikethislittlelife #beer #craftbeer #beercan #fyp #fypã‚· #foryou ,5561856
Sketch Comedy,12267,1706820336,7330737451646078254,718005,13545,loxsmith_,#airmattress ,679187
Random,2203,1706811074,7330697719264054560,45528,9,morequagmire,Soup soup #mightyboosh #fyp ,799
Sketch Comedy,895,1709735958,7343259942314446112,285303,3087,taskmaster,The time the Wow Monster eluded the Taskmasterâ€¦ #taskmaster,806548
Comedy,3308,1709702486,7343116185057217823,186026,2951,potersnak,The McClure Park slide is a fun shortcut to Fort George brewery when youâ€™re in Astoria #wanderlust #pnwonderland #westcoastbestcoast #oregoncoast #astoriaoregon #exploreoregon #adventure #tiktoktravel #thingstodo #explore #travel #youngatheart #fyp #funny #funnyvideos #fun #slide #donttrythisathome ,65187
Singing,12461,1709660766,7342937025361956142,180430,3269,thebeantones,"How Dâ€™Ya Like Your Eggs in the Morning? We like ours after PRESAVING OUR DEBUT SINGLE â€œA Trout, No Doubtâ€ LINK IN BIO NOW! Be among the first to hear our official recorded version of the nautical jazz tune currently sweeping the nation. While you wait for its release, please enjoy our new recording of a fan favorite, our transcription of an eggilicious @The Four Freshmen classic! #vocaljazz #vocalharmony #eggs #fishing #breakfastsongs #vocalgroups #eggpuns #eggjokes",208940
Meme,142,1709598586,7342669883886341419,39480,11,taylorpolcyn2,no bc what really got me was the speakers playing â€œgangnam styleâ€ on REPEAT,2657
Meme,91,1709516391,7342316904486276394,5649,0,littlecaesarz336,Friday night date night @Campbell Puckett #pookieandjett #happycouple ,25
Dancing,10863,1709499619,7342244830598221098,203278,2633,spencerdancerrr,this video is so funny ive watched it so many times ,207934
Meme,483,1709492030,7342212182651833631,70945,83,roccosrealty,We got to get rid of this darn intern ğŸ˜¤ #realtor #funny #fypã‚· #realty #fired #genz ,12133
Animals,5639,1709474515,7342136857112628526,196264,2316,heytakeachance,Replying to @wtellis8000 aint Shawty 1st Rodeo! #rodeo #puppy #fyp #letsgo ,93706
Animals,23296,1709467230,7342105814787788065,598414,98454,beagleskiko,"Replying to @Laur Eggs and carrots were FLYING!! We were feeling Italian this week so dad made us tortellini ğŸ¤Œ and Kiki definitely made up for not getting enough of sneaky chances last week! ğŸ¤£ Oh and, you asked and we listened - dad got himself a plastic ğŸ”ª Ingredients used: carrots, bell peppers, oats, broccoli, egg, goat cheese, butternut squash #dog #beagle #beaglesoftiktok #dogcontent #cookingwithbeagles #dogtok #funnydogs #cookingwithdogs ",5392825
Education,2340,1709448668,7342025930564521259,70377,9,westernupharmacy,Ingestion of tylenol > 7.5g can lead to overdose and serious consequences to the liver #fyp #cats #pharmacy #pharmacyschool #pharmacist #westernucop #westernupharmd #westernu #CapCut ,348
Singing,32099,1709398753,7341811573595524398,769048,5950,mindseyeband,Benji was the king of hip hop #cringe #hamilton #musical ,153691
Comedy,197,1709395345,7341796912883862814,10823,145,bwpottery,almost had the last one ğŸ˜ª #pottery ,509829
Animals,3836,1709343009,7341572232927333675,186920,13,costcohotdogadvocate,Beat boxing duo #cat #fyp ,283
Meme,117525,1709313267,7341444390180687150,1441549,39481,duckduck.n.goose,#fyp #funny #cat #billnye ,903090
